ResponseId,Other teachers from my department,Other teachers from other department,Parents,Custodian,Site Level Administration,Site Level Staff,Principal,District Administrations,Other teachers I met at ESTF (formerly SMELC),Other teachers from other schools,Community Based Partner,County Office of Education,Personal friends,Other (add the role here)
Response ID,Please indicate for each partner if the collaboration to advance environmental sustainability occ... - Connections before and after participating in the ecoliteracty  solutionary teachers fellowship (ESTF) - Other teachers from my department,Please indicate for each partner if the collaboration to advance environmental sustainability occ... - Connections before and after participating in the ecoliteracty  solutionary teachers fellowship (ESTF) - Other teachers from other department,Please indicate for each partner if the collaboration to advance environmental sustainability occ... - Connections before and after participating in the ecoliteracty  solutionary teachers fellowship (ESTF) - Parents,Please indicate for each partner if the collaboration to advance environmental sustainability occ... - Connections before and after participating in the ecoliteracty  solutionary teachers fellowship (ESTF) - Custodian,Please indicate for each partner if the collaboration to advance environmental sustainability occ... - Connections before and after participating in the ecoliteracty  solutionary teachers fellowship (ESTF) - Site level administration,Please indicate for each partner if the collaboration to advance environmental sustainability occ... - Connections before and after participating in the ecoliteracty  solutionary teachers fellowship (ESTF) - Site level staff,Please indicate for each partner if the collaboration to advance environmental sustainability occ... - Connections before and after participating in the ecoliteracty  solutionary teachers fellowship (ESTF) - Principal,Please indicate for each partner if the collaboration to advance environmental sustainability occ... - Connections before and after participating in the ecoliteracty  solutionary teachers fellowship (ESTF) - District administrators,Please indicate for each partner if the collaboration to advance environmental sustainability occ... - Connections before and after participating in the ecoliteracty  solutionary teachers fellowship (ESTF) - Other teachers I met at ESTF (formerly SMELC),Please indicate for each partner if the collaboration to advance environmental sustainability occ... - Connections before and after participating in the ecoliteracty  solutionary teachers fellowship (ESTF) - Other teachers from other schools,Please indicate for each partner if the collaboration to advance environmental sustainability occ... - Connections before and after participating in the ecoliteracty  solutionary teachers fellowship (ESTF) - Community Based Partner,Please indicate for each partner if the collaboration to advance environmental sustainability occ... - Connections before and after participating in the ecoliteracty  solutionary teachers fellowship (ESTF) - County Office of Education,Please indicate for each partner if the collaboration to advance environmental sustainability occ... - Connections before and after participating in the ecoliteracty  solutionary teachers fellowship (ESTF) - Personal friends,Please indicate for each partner if the collaboration to advance environmental sustainability occ... - Connections before and after participating in the ecoliteracty  solutionary teachers fellowship (ESTF) - Other (add the role here)
R_2Ei1AaGV1w2EjmF,nan,nan,nan,nan,nan,nan,nan,nan,nan,nan,nan,nan,nan,nan
R_XLYuR7vWst670sx,nan,nan,nan,nan,nan,nan,nan,nan,nan,nan,nan,nan,nan,nan
R_vHXdCYPwhH0mMqR,nan,nan,nan,nan,nan,nan,nan,nan,nan,nan,nan,nan,nan,nan
R_0pLqcm26WkPNgat,nan,nan,nan,nan,nan,nan,nan,nan,nan,nan,nan,nan,nan,nan
R_d5SNvrU99sYqA2R,nan,nan,"Before ESTF,After ESTF","Before ESTF,After ESTF","Before ESTF,After ESTF","Before ESTF,After ESTF","Before ESTF,After ESTF",nan,nan,"Before ESTF,After ESTF","Before ESTF,After ESTF","Before ESTF,After ESTF",nan,nan
R_74fksyd5JgKrNN7,"Before ESTF,After ESTF","Before ESTF,After ESTF",nan,"Before ESTF,After ESTF",nan,nan,nan,nan,nan,nan,nan,After ESTF,nan,nan
R_3McfwIOX01npmsY,"Before ESTF,After ESTF","Before ESTF,After ESTF",After ESTF,"Before ESTF,After ESTF",After ESTF,After ESTF,"Before ESTF,After ESTF",After ESTF,nan,nan,nan,nan,nan,nan
R_6WEo0VMf44d6xSV,nan,nan,"Before ESTF,After ESTF",nan,nan,Before ESTF,"Before ESTF,After ESTF","Before ESTF,After ESTF",nan,"Before ESTF,After ESTF",Before ESTF,After ESTF,"Before ESTF,After ESTF",nan
R_2sKuIf1H3WYWQff,"Before ESTF,After ESTF",nan,nan,nan,After ESTF,nan,nan,nan,nan,nan,After ESTF,nan,After ESTF,nan
R_xirUkS2jtmERGZH,nan,nan,nan,nan,nan,nan,nan,nan,nan,nan,nan,nan,nan,nan
R_38j3gwrSpnZdFRL,nan,nan,nan,nan,nan,nan,nan,nan,nan,nan,nan,nan,nan,nan
R_2qguVvQy44xrZoL,nan,nan,nan,nan,nan,nan,nan,nan,nan,nan,nan,nan,nan,nan
R_1OObxWsKla5393W,nan,nan,nan,nan,nan,nan,nan,nan,nan,nan,nan,nan,nan,nan
R_3Jmh1fZg45gLWTt,nan,nan,nan,nan,nan,nan,nan,nan,nan,nan,nan,nan,nan,nan
R_ysfi78jOXsS1xyp,nan,nan,nan,nan,nan,nan,nan,nan,nan,nan,nan,nan,nan,nan
R_4PKhNA1uLurg7tv,"Before ESTF,After ESTF",nan,nan,nan,nan,nan,nan,nan,nan,After ESTF,nan,nan,nan,nan
R_3ra0any8r7MSrQZ,nan,nan,nan,nan,nan,"Before ESTF,After ESTF",nan,nan,nan,nan,nan,nan,nan,nan
R_2ffivicjRBStcoY,"Before ESTF,After ESTF","Before ESTF,After ESTF","Before ESTF,After ESTF","Before ESTF,After ESTF","Before ESTF,After ESTF","Before ESTF,After ESTF",After ESTF,"Before ESTF,After ESTF",After ESTF,Before ESTF,"Before ESTF,After ESTF","Before ESTF,After ESTF","Before ESTF,After ESTF",nan
R_1f7soXsTFXEJUVp,After ESTF,nan,Before ESTF,Before ESTF,nan,nan,nan,nan,After ESTF,After ESTF,After ESTF,nan,Before ESTF,nan
R_2f0BGSwglx6ueq2,nan,nan,nan,nan,nan,nan,nan,nan,nan,nan,nan,nan,nan,nan
R_rj2iiEWMhQCr7NL,After ESTF,nan,nan,After ESTF,After ESTF,nan,After ESTF,nan,After ESTF,After ESTF,After ESTF,After ESTF,nan,nan
R_3inbhBGZIrWLQ5z,nan,nan,nan,nan,nan,nan,nan,nan,After ESTF,nan,nan,nan,nan,nan
R_2Vn04zzYdJVFmx1,"Before ESTF,After ESTF",After ESTF,nan,nan,After ESTF,nan,nan,nan,nan,nan,nan,nan,nan,nan
R_2wtSINmgQ9wHkXt,"Before ESTF,After ESTF",nan,"Before ESTF,After ESTF","Before ESTF,After ESTF",After ESTF,nan,After ESTF,After ESTF,nan,nan,After ESTF,nan,After ESTF,nan
R_25Ep0fAU5rcYmC4,"Before ESTF,After ESTF",nan,nan,nan,nan,nan,"Before ESTF,After ESTF",nan,nan,nan,nan,nan,nan,nan
R_3NURYzBxsKiHGbQ,After ESTF,nan,After ESTF,After ESTF,After ESTF,After ESTF,After ESTF,After ESTF,After ESTF,After ESTF,After ESTF,After ESTF,nan,nan
R_2V1hI0UKW8sNR2D,After ESTF,nan,After ESTF,After ESTF,"Before ESTF,After ESTF",nan,"Before ESTF,After ESTF",After ESTF,After ESTF,nan,"Before ESTF,After ESTF",After ESTF,After ESTF,nan
R_2XbqGIWUTGithex,nan,nan,nan,"Before ESTF,After ESTF",nan,nan,nan,nan,After ESTF,After ESTF,"Before ESTF,After ESTF",After ESTF,nan,nan
R_3qEYRomDlkJIc58,nan,nan,nan,nan,nan,nan,nan,nan,nan,nan,nan,nan,nan,nan
R_1LUUKQIi7vuR49Y,"Before ESTF,After ESTF",nan,nan,nan,nan,nan,"Before ESTF,After ESTF",nan,nan,nan,nan,nan,nan,nan
R_1otzVwKXWiBGbKL,nan,nan,nan,nan,nan,nan,nan,nan,nan,nan,nan,nan,nan,nan
R_28FJLBfHfAfSVUm,"Before ESTF,After ESTF",nan,nan,nan,nan,nan,nan,nan,After ESTF,nan,nan,After ESTF,nan,nan
R_27fhEQDI9zdHnhP,nan,nan,nan,nan,nan,nan,nan,nan,nan,nan,nan,nan,nan,nan
R_2R8GCAjxak89NJv,nan,nan,nan,nan,nan,nan,nan,nan,nan,nan,nan,nan,nan,nan
R_2rqoibdnQdkjyBo,nan,nan,nan,nan,nan,nan,nan,nan,nan,nan,nan,nan,nan,nan
R_vfwxxvyn3DG3lOp,nan,nan,nan,nan,nan,nan,nan,nan,nan,nan,nan,nan,nan,nan
R_1nPXJSepbPdCCr0,nan,nan,nan,nan,nan,nan,nan,nan,nan,nan,nan,nan,nan,nan
R_32Q0el0m2C3U5Wx,nan,nan,nan,nan,nan,nan,nan,nan,nan,nan,nan,nan,nan,nan
R_py3yU4OaSyvgYIF,nan,nan,nan,nan,nan,nan,nan,nan,nan,nan,nan,nan,nan,nan
R_2CIhmSM5QPzi4eA,"Before ESTF,After ESTF",nan,nan,Before ESTF,Before ESTF,Before ESTF,Before ESTF,"Before ESTF,After ESTF",nan,Before ESTF,nan,nan,nan,nan
R_1GIGp9864u7SpBf,nan,nan,nan,nan,nan,nan,nan,nan,nan,nan,nan,nan,nan,nan
R_3fpFSJbPtY47FKD,nan,nan,nan,nan,nan,nan,nan,nan,nan,nan,nan,nan,nan,nan
R_XAkNj8hwoY9SFLb,nan,nan,nan,nan,nan,nan,nan,nan,nan,nan,nan,nan,nan,nan
R_Y9ugPjH1hanrtst,After ESTF,After ESTF,After ESTF,After ESTF,After ESTF,After ESTF,After ESTF,After ESTF,After ESTF,After ESTF,After ESTF,After ESTF,Before ESTF,nan
R_3NKyjoGSeqcj8zA,"Before ESTF,After ESTF",nan,nan,nan,nan,nan,nan,nan,nan,nan,After ESTF,nan,"Before ESTF,After ESTF",nan
R_11XQYDKGU9P7KJk,nan,nan,nan,nan,nan,nan,nan,nan,nan,nan,nan,nan,nan,nan
R_Cfr6gqsZtCDTni1,After ESTF,nan,nan,nan,nan,nan,nan,nan,After ESTF,nan,nan,nan,nan,nan
R_2YLjc8a0gJUvVmE,After ESTF,After ESTF,After ESTF,After ESTF,After ESTF,After ESTF,After ESTF,After ESTF,nan,After ESTF,After ESTF,nan,After ESTF,nan
R_3R4y83wmuXY5OJj,After ESTF,After ESTF,"Before ESTF,After ESTF",After ESTF,After ESTF,After ESTF,After ESTF,After ESTF,nan,nan,After ESTF,After ESTF,nan,nan
R_2qsWmn960KDD1JM,nan,nan,nan,nan,nan,nan,nan,nan,nan,nan,nan,nan,nan,nan
R_1NsNhX2pPmsTnqw,nan,nan,nan,nan,"Before ESTF,After ESTF",nan,"Before ESTF,After ESTF",nan,nan,nan,nan,nan,nan,nan
R_2xyN5gkTP7D1t8b,"Before ESTF,After ESTF",After ESTF,nan,nan,nan,"Before ESTF,After ESTF",nan,nan,After ESTF,nan,After ESTF,After ESTF,nan,nan
R_41SE7h6WWBabmc9,Before ESTF,Before ESTF,Before ESTF,After ESTF,After ESTF,After ESTF,After ESTF,After ESTF,Before ESTF,Before ESTF,Before ESTF,Before ESTF,Before ESTF,nan
R_r2pGsFWdxvaMz3H,"Before ESTF,After ESTF",Before ESTF,nan,"Before ESTF,After ESTF",nan,nan,nan,nan,nan,nan,Before ESTF,After ESTF,Before ESTF,nan
R_2aD2KbGk2IcXSBd,"Before ESTF,After ESTF","Before ESTF,After ESTF","Before ESTF,After ESTF","Before ESTF,After ESTF","Before ESTF,After ESTF","Before ESTF,After ESTF","Before ESTF,After ESTF",nan,nan,nan,nan,nan,"Before ESTF,After ESTF",nan
R_2YWAWq9VW9LPL9t,nan,nan,nan,nan,nan,After ESTF,nan,nan,nan,"Before ESTF,After ESTF",Before ESTF,nan,"Before ESTF,After ESTF",nan
R_3JK8DXmo88P6TjI,nan,nan,nan,nan,nan,nan,nan,nan,nan,nan,nan,nan,nan,nan
R_xroIg6eBl0FneDL,nan,nan,nan,nan,nan,nan,nan,nan,nan,nan,nan,nan,nan,nan
R_2fJbbtfFftP1ydb,nan,nan,nan,nan,nan,nan,nan,nan,nan,nan,nan,nan,nan,nan
R_27Jz3HYoq2oRcMK,"Before ESTF,After ESTF",Before ESTF,nan,nan,"Before ESTF,After ESTF",nan,nan,Before ESTF,After ESTF,nan,Before ESTF,After ESTF,nan,"Before ESTF,After ESTF"
R_1KeWLcS7ZAUK0BH,nan,"Before ESTF,After ESTF",nan,nan,"Before ESTF,After ESTF",nan,nan,nan,nan,nan,"Before ESTF,After ESTF",nan,nan,nan
R_2YWUY8apQxAZmrW,nan,nan,nan,nan,nan,nan,nan,nan,nan,nan,nan,nan,nan,nan
R_1QMlw7W1IyPijAx,nan,nan,nan,nan,nan,nan,nan,nan,nan,nan,nan,nan,nan,nan
R_1f7TVfcrFj4XnV3,nan,nan,nan,nan,nan,nan,nan,nan,nan,nan,nan,nan,nan,nan
R_1otYVtdKF1cdiui,nan,nan,nan,nan,nan,nan,nan,nan,nan,nan,nan,nan,nan,nan
R_3RfRDtUUmnfmmqT,nan,nan,nan,nan,nan,nan,nan,nan,nan,nan,nan,nan,nan,nan
R_1r6e6B6SiJSF3n4,nan,nan,nan,nan,nan,nan,nan,nan,nan,nan,nan,nan,nan,nan
R_26avHyOCNnHfEhH,nan,nan,nan,nan,nan,nan,nan,nan,nan,nan,nan,nan,nan,nan
R_1n75JlUYmF1MDLM,nan,nan,nan,nan,nan,nan,nan,nan,nan,nan,nan,nan,nan,nan
R_xr9DC6OUoEysno5,After ESTF,nan,nan,nan,nan,nan,nan,nan,nan,nan,nan,nan,nan,nan
R_3IVQExGPTa8XslO,nan,nan,nan,nan,nan,nan,nan,nan,nan,After ESTF,nan,"Before ESTF,After ESTF",nan,nan
R_31dx7p7R4vSaV66,"Before ESTF,After ESTF","Before ESTF,After ESTF",Before ESTF,"Before ESTF,After ESTF","Before ESTF,After ESTF",nan,"Before ESTF,After ESTF",nan,nan,nan,nan,Before ESTF,nan,nan
R_1MX5I8T3dlDHTkG,Before ESTF,Before ESTF,Before ESTF,Before ESTF,After ESTF,nan,After ESTF,After ESTF,After ESTF,Before ESTF,After ESTF,Before ESTF,Before ESTF,nan
R_1i8tDTu2KXMbTzG,nan,nan,nan,nan,nan,nan,nan,nan,nan,nan,nan,nan,nan,nan
R_2xFTmxDWtQRrwJt,"Before ESTF,After ESTF","Before ESTF,After ESTF",nan,After ESTF,"Before ESTF,After ESTF",nan,"Before ESTF,After ESTF",After ESTF,After ESTF,nan,nan,nan,After ESTF,nan
R_cN2JQjHC6KCuI6t,After ESTF,nan,nan,nan,nan,nan,After ESTF,nan,nan,nan,nan,nan,nan,nan
R_3JEjEjbR4n4vhMg,nan,nan,nan,nan,nan,nan,nan,nan,nan,nan,nan,nan,nan,nan
R_1ikbRJaYAwfBLd9,"Before ESTF,After ESTF","Before ESTF,After ESTF",nan,nan,nan,nan,"Before ESTF,After ESTF","Before ESTF,After ESTF",nan,nan,nan,"Before ESTF,After ESTF",nan,nan
R_33d4G30BwWV2Ase,After ESTF,After ESTF,After ESTF,"Before ESTF,After ESTF",After ESTF,After ESTF,After ESTF,After ESTF,After ESTF,After ESTF,After ESTF,After ESTF,"Before ESTF,After ESTF",nan
R_3NEu34G11JAXLIy,"Before ESTF,After ESTF","Before ESTF,After ESTF",After ESTF,"Before ESTF,After ESTF",After ESTF,After ESTF,"Before ESTF,After ESTF",After ESTF,After ESTF,After ESTF,After ESTF,After ESTF,After ESTF,nan
R_ronFsrS4kUHIk7v,Before ESTF,Before ESTF,Before ESTF,Before ESTF,Before ESTF,Before ESTF,Before ESTF,Before ESTF,nan,Before ESTF,Before ESTF,Before ESTF,Before ESTF,nan
R_2e5494g4yrSfYM2,After ESTF,nan,nan,nan,After ESTF,nan,After ESTF,nan,nan,nan,After ESTF,nan,nan,nan
R_XnwSNaOybqY2yYN,nan,nan,nan,nan,nan,nan,nan,nan,nan,After ESTF,nan,nan,nan,nan
R_2wQYtoPug7JLe8I,After ESTF,After ESTF,nan,After ESTF,nan,After ESTF,After ESTF,After ESTF,After ESTF,nan,After ESTF,After ESTF,nan,nan
R_1pzdS6E9fTAGrHh,nan,nan,nan,nan,nan,nan,After ESTF,After ESTF,After ESTF,nan,After ESTF,After ESTF,nan,nan
R_3NDm3Yq1JX1TMnJ,nan,nan,nan,nan,nan,nan,After ESTF,nan,nan,nan,nan,nan,nan,nan
R_3F29JSrV4quNz17,"Before ESTF,After ESTF",nan,After ESTF,nan,nan,"Before ESTF,After ESTF",After ESTF,After ESTF,nan,nan,After ESTF,After ESTF,nan,nan
R_1Ovh0MLxU6GwRQx,"Before ESTF,After ESTF",nan,nan,nan,nan,nan,nan,nan,nan,nan,nan,nan,"Before ESTF,After ESTF",nan
R_2v6sVxSyfj2ZyKk,nan,nan,nan,nan,nan,nan,nan,nan,nan,nan,nan,nan,nan,nan
R_1dHbBsa1unTUqSc,"Before ESTF,After ESTF",nan,After ESTF,After ESTF,"Before ESTF,After ESTF","Before ESTF,After ESTF","Before ESTF,After ESTF",Before ESTF,After ESTF,"Before ESTF,After ESTF","Before ESTF,After ESTF",After ESTF,nan,nan
R_30w40dfBWHSaHI1,nan,nan,nan,nan,nan,nan,nan,nan,nan,nan,nan,nan,nan,nan
R_32VXodhYPeFZUEV,nan,nan,nan,nan,nan,nan,nan,nan,nan,nan,After ESTF,nan,nan,nan
R_6D32QdaeucnKYDf,After ESTF,nan,nan,nan,nan,nan,After ESTF,nan,nan,nan,nan,nan,nan,nan
R_31vePlPhofQjxDa,"Before ESTF,After ESTF",Before ESTF,nan,nan,nan,nan,nan,nan,nan,Before ESTF,nan,nan,nan,nan
R_qCNNBIZMtGCNjKF,nan,nan,nan,nan,nan,nan,nan,nan,nan,nan,nan,nan,nan,nan
R_BVCUqi2b9pLF1xD,nan,nan,nan,nan,nan,nan,nan,nan,After ESTF,nan,After ESTF,nan,nan,nan
R_1dtVQggWnq4uxtf,nan,nan,nan,nan,nan,nan,nan,nan,nan,nan,nan,nan,nan,nan
R_bmzqolVBhyHhk65,nan,nan,"Before ESTF,After ESTF",nan,nan,nan,nan,nan,nan,nan,"Before ESTF,After ESTF",nan,nan,nan
R_1CEMTSkoTygjUDL,After ESTF,nan,nan,nan,After ESTF,nan,nan,nan,nan,nan,nan,nan,nan,nan
R_2Ug7bZ16DF9c4U1,nan,nan,nan,nan,nan,nan,nan,nan,nan,nan,nan,nan,nan,nan
R_3j7BBEEVXve72Sj,nan,nan,nan,nan,nan,nan,nan,nan,nan,nan,nan,nan,nan,nan
R_2vigqdkibVsYTI1,nan,nan,nan,nan,nan,nan,After ESTF,nan,nan,nan,nan,nan,nan,nan
R_1o5WLZCevSZMfnW,nan,nan,nan,nan,nan,nan,nan,nan,nan,nan,Before ESTF,Before ESTF,nan,nan
R_2VEexTGYTm5ic2d,nan,nan,nan,After ESTF,nan,nan,nan,nan,nan,nan,nan,nan,nan,nan
R_eQ0itH4DMQvAyxr,Before ESTF,Before ESTF,After ESTF,After ESTF,After ESTF,After ESTF,After ESTF,After ESTF,nan,nan,After ESTF,After ESTF,nan,nan
R_6JX9DnLMOi205kB,After ESTF,nan,nan,nan,nan,nan,nan,nan,nan,After ESTF,nan,nan,"Before ESTF,After ESTF",Before ESTF
R_3mls3fMZ0DSLPnv,nan,nan,nan,nan,nan,nan,nan,nan,nan,nan,nan,nan,nan,nan
R_OlByAutOOELgglH,nan,nan,nan,nan,nan,nan,nan,nan,nan,nan,nan,nan,nan,nan
R_yPkXBHDXWvlYLO9,nan,nan,nan,nan,nan,nan,nan,nan,nan,nan,nan,nan,nan,nan
R_2D0lj0sWEusQxx2,nan,nan,nan,nan,nan,nan,nan,nan,nan,nan,nan,nan,nan,nan
R_3KQ6O6nSgJN4NB4,nan,nan,nan,nan,nan,nan,nan,nan,nan,nan,nan,nan,nan,nan
R_3J7QOXZTENT9eb7,nan,nan,nan,nan,nan,nan,nan,nan,nan,nan,nan,nan,nan,nan
R_3Hnpqqrlv3Db4gK,nan,nan,nan,nan,nan,nan,nan,nan,nan,nan,nan,nan,nan,nan
R_CelKSicUKyayRIB,nan,nan,nan,nan,nan,nan,nan,nan,nan,nan,nan,nan,nan,nan
R_1kUC0LRe9vWDTVo,nan,nan,nan,nan,nan,nan,nan,nan,nan,nan,nan,nan,nan,nan
R_0NTwfLNGWtFQrOp,nan,nan,nan,nan,nan,nan,nan,nan,nan,nan,nan,nan,nan,nan
R_ANZRPVt7RBcSyvT,nan,nan,nan,nan,nan,nan,nan,nan,nan,nan,nan,nan,nan,nan
R_1dLBY192K0l9gSW,nan,nan,nan,nan,nan,nan,nan,nan,nan,nan,nan,nan,nan,nan
R_2q9IQnk0SLR7AyL,nan,nan,nan,nan,nan,nan,nan,nan,nan,nan,nan,nan,nan,nan
R_6JxCqXBpYDz3UbL,nan,nan,nan,nan,nan,nan,nan,nan,nan,nan,nan,nan,nan,nan
R_1l47Ego9kVk46Rw,nan,nan,nan,nan,nan,nan,nan,nan,nan,nan,nan,nan,nan,nan
R_3oHiVdZneIYyGDa,"Before ESTF,After ESTF",nan,"Before ESTF,After ESTF","Before ESTF,After ESTF","Before ESTF,After ESTF","Before ESTF,After ESTF","Before ESTF,After ESTF","Before ESTF,After ESTF",nan,nan,nan,Before ESTF,"Before ESTF,After ESTF",nan
R_1mEsaiOSCI7GeoU,nan,nan,nan,nan,nan,nan,nan,nan,nan,nan,nan,nan,nan,nan
R_6nvS4ZzvXCLc2yJ,nan,nan,nan,nan,nan,nan,nan,nan,nan,nan,nan,nan,nan,nan
Response ID,Recipient Last Name,Please indicate for each partner if the collaboration to advance environmental sustainability occ... - Connections before and after participating in the ecoliteracty  solutionary teachers fellowship (ESTF) - Other teachers from my department,Please indicate for each partner if the collaboration to advance environmental sustainability occ... - Connections before and after participating in the ecoliteracty  solutionary teachers fellowship (ESTF) - Other teachers from other department,Please indicate for each partner if the collaboration to advance environmental sustainability occ... - Connections before and after participating in the ecoliteracty  solutionary teachers fellowship (ESTF) - Parents,Please indicate for each partner if the collaboration to advance environmental sustainability occ... - Connections before and after participating in the ecoliteracty  solutionary teachers fellowship (ESTF) - Custodian,Please indicate for each partner if the collaboration to advance environmental sustainability occ... - Connections before and after participating in the ecoliteracty  solutionary teachers fellowship (ESTF) - Site level administration,Please indicate for each partner if the collaboration to advance environmental sustainability occ... - Connections before and after participating in the ecoliteracty  solutionary teachers fellowship (ESTF) - Site level staff,Please indicate for each partner if the collaboration to advance environmental sustainability occ... - Connections before and after participating in the ecoliteracty  solutionary teachers fellowship (ESTF) - Principal,Please indicate for each partner if the collaboration to advance environmental sustainability occ... - Connections before and after participating in the ecoliteracty  solutionary teachers fellowship (ESTF) - District administrators,Please indicate for each partner if the collaboration to advance environmental sustainability occ... - Connections before and after participating in the ecoliteracty  solutionary teachers fellowship (ESTF) - Other teachers I met at ESTF (formerly SMELC),Please indicate for each partner if the collaboration to advance environmental sustainability occ... - Connections before and after participating in the ecoliteracty  solutionary teachers fellowship (ESTF) - Other teachers from other schools,Please indicate for each partner if the collaboration to advance environmental sustainability occ... - Connections before and after participating in the ecoliteracty  solutionary teachers fellowship (ESTF) - Community Based Partner,Please indicate for each partner if the collaboration to advance environmental sustainability occ... - Connections before and after participating in the ecoliteracty  solutionary teachers fellowship (ESTF) - County Office of Education,Please indicate for each partner if the collaboration to advance environmental sustainability occ... - Connections before and after participating in the ecoliteracty  solutionary teachers fellowship (ESTF) - Personal friends
R_3ir4TwparJnA9l5,nan,After ESTF,Before ESTF,Before ESTF,"Before ESTF,After ESTF","Before ESTF,After ESTF","Before ESTF,After ESTF",After ESTF,After ESTF,"Before ESTF,After ESTF",After ESTF,"Before ESTF,After ESTF",Before ESTF,"Before ESTF,After ESTF"
R_eaifwPGM42LqfGV,nan,"Before ESTF,After ESTF",After ESTF,After ESTF,After ESTF,After ESTF,After ESTF,After ESTF,After ESTF,After ESTF,After ESTF,After ESTF,"Before ESTF,After ESTF",After ESTF
R_1FyXKWoIcot8YjO,nan,Before ESTF,After ESTF,Before ESTF,Before ESTF,After ESTF,After ESTF,After ESTF,After ESTF,Before ESTF,Before ESTF,"Before ESTF,After ESTF",After ESTF,Before ESTF
R_O0R3VPcWdlzhhJf,nan,Before ESTF,Before ESTF,Before ESTF,Before ESTF,Before ESTF,Before ESTF,Before ESTF,Before ESTF,Before ESTF,Before ESTF,"Before ESTF,After ESTF",Before ESTF,Before ESTF
R_bPdxCFvot5xk5i1,nan,After ESTF,After ESTF,"Before ESTF,After ESTF",After ESTF,After ESTF,After ESTF,After ESTF,"Before ESTF,After ESTF",Before ESTF,Before ESTF,Before ESTF,Before ESTF,Before ESTF
R_2xSrP4xJd7Q3ovw,nan,Before ESTF,Before ESTF,After ESTF,Before ESTF,Before ESTF,Before ESTF,Before ESTF,Before ESTF,Before ESTF,Before ESTF,Before ESTF,Before ESTF,After ESTF
R_3FRGBw3hLgtxms3,nan,Before ESTF,Before ESTF,Before ESTF,Before ESTF,Before ESTF,Before ESTF,"Before ESTF,After ESTF",Before ESTF,Before ESTF,Before ESTF,Before ESTF,Before ESTF,Before ESTF
R_3g0ZbT0SF4Dn8JV,nan,After ESTF,After ESTF,"Before ESTF,After ESTF",After ESTF,Before ESTF,After ESTF,Before ESTF,After ESTF,"Before ESTF,After ESTF",After ESTF,After ESTF,After ESTF,Before ESTF
R_2e8QOnh9306qvV9,nan,"Before ESTF,After ESTF",After ESTF,After ESTF,After ESTF,After ESTF,After ESTF,After ESTF,After ESTF,After ESTF,After ESTF,After ESTF,Before ESTF,"Before ESTF,After ESTF"
R_1eFuGbks60Kma5t,nan,"Before ESTF,After ESTF","Before ESTF,After ESTF","Before ESTF,After ESTF","Before ESTF,After ESTF","Before ESTF,After ESTF","Before ESTF,After ESTF","Before ESTF,After ESTF","Before ESTF,After ESTF","Before ESTF,After ESTF","Before ESTF,After ESTF","Before ESTF,After ESTF","Before ESTF,After ESTF","Before ESTF,After ESTF"
R_3ptM4X9u9IbQWbb,nan,"Before ESTF,After ESTF",After ESTF,"Before ESTF,After ESTF",After ESTF,After ESTF,"Before ESTF,After ESTF",After ESTF,After ESTF,After ESTF,After ESTF,After ESTF,"Before ESTF,After ESTF","Before ESTF,After ESTF"
R_1oAOqvqgI2yn4eb,nan,"Before ESTF,After ESTF",Before ESTF,"Before ESTF,After ESTF",Before ESTF,"Before ESTF,After ESTF",Before ESTF,"Before ESTF,After ESTF",Before ESTF,"Before ESTF,After ESTF",Before ESTF,"Before ESTF,After ESTF","Before ESTF,After ESTF",Before ESTF
R_30bG6c1cpsGBS0Y,nan,After ESTF,After ESTF,After ESTF,After ESTF,After ESTF,After ESTF,After ESTF,After ESTF,After ESTF,After ESTF,After ESTF,After ESTF,After ESTF
R_rkzq1zJ3kstlKHT,nan,Before ESTF,Before ESTF,Before ESTF,After ESTF,Before ESTF,Before ESTF,Before ESTF,Before ESTF,Before ESTF,Before ESTF,After ESTF,Before ESTF,Before ESTF
R_241ylRWBUkiDztZ,nan,Before ESTF,Before ESTF,Before ESTF,Before ESTF,Before ESTF,Before ESTF,Before ESTF,Before ESTF,Before ESTF,Before ESTF,Before ESTF,Before ESTF,Before ESTF
R_25HLa0c2iLJ9d4F,nan,"Before ESTF,After ESTF","Before ESTF,After ESTF","Before ESTF,After ESTF","Before ESTF,After ESTF","Before ESTF,After ESTF","Before ESTF,After ESTF","Before ESTF,After ESTF","Before ESTF,After ESTF","Before ESTF,After ESTF","Before ESTF,After ESTF","Before ESTF,After ESTF","Before ESTF,After ESTF","Before ESTF,After ESTF"
R_3Rt5LhbwCfa7ph4,nan,Before ESTF,Before ESTF,After ESTF,After ESTF,After ESTF,After ESTF,After ESTF,After ESTF,After ESTF,"Before ESTF,After ESTF","Before ESTF,After ESTF","Before ESTF,After ESTF",Before ESTF
R_ys66Yr2WJj7qwqR,nan,"Before ESTF,After ESTF","Before ESTF,After ESTF","Before ESTF,After ESTF","Before ESTF,After ESTF","Before ESTF,After ESTF","Before ESTF,After ESTF","Before ESTF,After ESTF","Before ESTF,After ESTF","Before ESTF,After ESTF","Before ESTF,After ESTF","Before ESTF,After ESTF","Before ESTF,After ESTF","Before ESTF,After ESTF"
R_w03quYhMTzH4l0Z,nan,"Before ESTF,After ESTF","Before ESTF,After ESTF","Before ESTF,After ESTF","Before ESTF,After ESTF","Before ESTF,After ESTF","Before ESTF,After ESTF","Before ESTF,After ESTF","Before ESTF,After ESTF","Before ESTF,After ESTF","Before ESTF,After ESTF","Before ESTF,After ESTF","Before ESTF,After ESTF","Before ESTF,After ESTF"
R_1dETfZ0mUWQbfsA,nan,After ESTF,After ESTF,After ESTF,After ESTF,After ESTF,After ESTF,After ESTF,After ESTF,After ESTF,After ESTF,After ESTF,After ESTF,After ESTF
R_3EQ13z51zCSh2Fn,nan,"Before ESTF,After ESTF","Before ESTF,After ESTF","Before ESTF,After ESTF","Before ESTF,After ESTF","Before ESTF,After ESTF","Before ESTF,After ESTF","Before ESTF,After ESTF","Before ESTF,After ESTF","Before ESTF,After ESTF","Before ESTF,After ESTF","Before ESTF,After ESTF","Before ESTF,After ESTF","Before ESTF,After ESTF"
R_3MRJ4ENfhzz7YqI,nan,After ESTF,After ESTF,After ESTF,After ESTF,After ESTF,After ESTF,After ESTF,After ESTF,After ESTF,Before ESTF,After ESTF,After ESTF,After ESTF
R_3F5ofSyXUd0ZkxL,nan,"Before ESTF,After ESTF",After ESTF,After ESTF,"Before ESTF,After ESTF",After ESTF,"Before ESTF,After ESTF","Before ESTF,After ESTF","Before ESTF,After ESTF",After ESTF,Before ESTF,Before ESTF,"Before ESTF,After ESTF","Before ESTF,After ESTF"
R_242j6mTnGuRETsm,nan,After ESTF,After ESTF,Before ESTF,Before ESTF,Before ESTF,Before ESTF,Before ESTF,Before ESTF,After ESTF,Before ESTF,After ESTF,After ESTF,Before ESTF
R_1jVecdwF4NecWdb,nan,After ESTF,After ESTF,Before ESTF,Before ESTF,Before ESTF,Before ESTF,Before ESTF,Before ESTF,Before ESTF,Before ESTF,Before ESTF,Before ESTF,Before ESTF
R_0VqkkxQjiu3RgD7,nan,"Before ESTF,After ESTF","Before ESTF,After ESTF","Before ESTF,After ESTF","Before ESTF,After ESTF","Before ESTF,After ESTF","Before ESTF,After ESTF","Before ESTF,After ESTF","Before ESTF,After ESTF","Before ESTF,After ESTF","Before ESTF,After ESTF","Before ESTF,After ESTF","Before ESTF,After ESTF","Before ESTF,After ESTF"
R_Op0vt3IstWwNGGR,nan,After ESTF,After ESTF,After ESTF,After ESTF,After ESTF,After ESTF,After ESTF,After ESTF,After ESTF,After ESTF,After ESTF,After ESTF,After ESTF
R_x5V0ZEb0MzMl41X,nan,"Before ESTF,After ESTF","Before ESTF,After ESTF","Before ESTF,After ESTF","Before ESTF,After ESTF","Before ESTF,After ESTF","Before ESTF,After ESTF","Before ESTF,After ESTF","Before ESTF,After ESTF","Before ESTF,After ESTF","Before ESTF,After ESTF","Before ESTF,After ESTF","Before ESTF,After ESTF","Before ESTF,After ESTF"
R_82MSA0qIJfQU0Uh,nan,"Before ESTF,After ESTF",After ESTF,After ESTF,After ESTF,After ESTF,After ESTF,After ESTF,After ESTF,After ESTF,After ESTF,After ESTF,After ESTF,After ESTF
R_D7XUikUytgAirtv,nan,"Before ESTF,After ESTF","Before ESTF,After ESTF",Before ESTF,Before ESTF,"Before ESTF,After ESTF","Before ESTF,After ESTF","Before ESTF,After ESTF","Before ESTF,After ESTF","Before ESTF,After ESTF","Before ESTF,After ESTF","Before ESTF,After ESTF","Before ESTF,After ESTF","Before ESTF,After ESTF"
R_exj5PsziHuubo2t,nan,After ESTF,After ESTF,After ESTF,After ESTF,After ESTF,Before ESTF,Before ESTF,After ESTF,After ESTF,After ESTF,After ESTF,After ESTF,After ESTF
R_2Yx4rOjf7k09b8j,nan,After ESTF,After ESTF,After ESTF,After ESTF,After ESTF,After ESTF,After ESTF,After ESTF,After ESTF,"Before ESTF,After ESTF",After ESTF,After ESTF,After ESTF
R_2TAJihp2yteAMP6,nan,"Before ESTF,After ESTF","Before ESTF,After ESTF","Before ESTF,After ESTF","Before ESTF,After ESTF","Before ESTF,After ESTF","Before ESTF,After ESTF","Before ESTF,After ESTF","Before ESTF,After ESTF","Before ESTF,After ESTF","Before ESTF,After ESTF","Before ESTF,After ESTF","Before ESTF,After ESTF","Before ESTF,After ESTF"
R_bO9qBQkIXPA9pUR,nan,"Before ESTF,After ESTF",After ESTF,After ESTF,After ESTF,After ESTF,After ESTF,After ESTF,After ESTF,After ESTF,After ESTF,After ESTF,Before ESTF,After ESTF
R_sqfPGY4E8Mcv7rj,nan,"Before ESTF,After ESTF",Before ESTF,After ESTF,After ESTF,After ESTF,Before ESTF,After ESTF,Before ESTF,Before ESTF,Before ESTF,"Before ESTF,After ESTF",Before ESTF,Before ESTF
R_325gbVYWZvRgZMk,nan,"Before ESTF,After ESTF","Before ESTF,After ESTF","Before ESTF,After ESTF","Before ESTF,After ESTF","Before ESTF,After ESTF","Before ESTF,After ESTF","Before ESTF,After ESTF","Before ESTF,After ESTF","Before ESTF,After ESTF","Before ESTF,After ESTF","Before ESTF,After ESTF","Before ESTF,After ESTF","Before ESTF,After ESTF"
R_elgecp44KZAVgRj,nan,Before ESTF,"Before ESTF,After ESTF",After ESTF,After ESTF,After ESTF,After ESTF,After ESTF,After ESTF,After ESTF,"Before ESTF,After ESTF",After ESTF,"Before ESTF,After ESTF",After ESTF
R_1dFdiapgA4zcWEX,nan,nan,nan,nan,nan,nan,nan,nan,nan,nan,nan,nan,nan,nan
R_3L8HacrChSzCEut,nan,nan,nan,nan,nan,nan,nan,nan,nan,nan,nan,nan,nan,nan
R_2wBu2ZjfMUbUTVh,nan,nan,nan,nan,nan,nan,nan,nan,nan,nan,nan,nan,nan,nan
R_1r7kbyXCT2Y6IFy,nan,nan,nan,nan,nan,nan,nan,nan,nan,nan,nan,nan,nan,nan
R_yUsfoLuB4ArjS6t,nan,nan,nan,nan,nan,nan,nan,nan,nan,nan,nan,nan,nan,nan
R_2any0yvDsXkZpqj,nan,nan,nan,nan,nan,nan,nan,nan,nan,nan,nan,nan,nan,nan
R_yOzQ8SQhzv0LmGl,nan,nan,nan,nan,nan,nan,nan,nan,nan,nan,nan,nan,nan,nan
R_1dhHpNtAbgFlI7x,nan,nan,nan,nan,nan,nan,nan,nan,nan,nan,nan,nan,nan,nan
R_agTjbsurVvxtvNv,nan,nan,nan,nan,nan,nan,nan,nan,nan,nan,nan,nan,nan,nan
R_1n8Ra21xWdH0KpQ,nan,nan,nan,nan,nan,nan,nan,nan,nan,nan,nan,nan,nan,nan
R_xsJNqkOMktOcM6J,nan,nan,nan,nan,nan,nan,nan,nan,nan,nan,nan,nan,nan,nan
R_1rB4sxYLxdFcxsQ,nan,nan,nan,nan,nan,nan,nan,nan,nan,nan,nan,nan,nan,nan
nan,nan,nan,nan,nan,nan,nan,nan,nan,nan,nan,nan,nan,nan,nan
nan,nan,nan,nan,nan,nan,nan,nan,nan,nan,nan,nan,nan,nan,nan
